id,year,team,average_age,runs_per_game,wins,losses,win_loss_percentage,ERA,run_average_9,games,games_started,games_finished,complete_game,shutouts,saves,innings_pitched,hits,runs,earned_runs,home_runs,walks,intentional_walks,strikeouts,hit_batter,balks,wild_pitches,batters_faced,WHIP,hits_9,homeruns_9,walks_9,strikeouts_9,strikeout_walk
1,2021,LG Twins,26.3,3.9,72,57,0.558,3.57,3.96,143,143.0,143.0,0,18,32,1264.1,1117,557,501,79,542,17.0,1062,97,5.0,43.0,5416,1.312,8.0,0.6,3.9,7.6,1.96
2,2021,KT Wiz,28.4,4.06,75,59,0.56,3.67,4.17,143,143.0,141.0,2,6,33,1255.0,1166,581,512,85,486,18.0,1051,42,1.0,56.0,5359,1.316,8.4,0.6,3.5,7.5,2.16
3,2021,Doosan Bears,27.5,4.57,70,65,0.519,4.28,4.66,143,143.0,141.0,2,10,27,1260.1,1288,653,599,104,586,16.0,1037,73,7.0,51.0,5596,1.487,9.2,0.7,4.2,7.4,1.77
4,2021,Samsung Lions,28.8,4.57,75,59,0.56,4.29,4.7,143,143.0,141.0,2,14,46,1250.0,1287,653,596,129,526,13.0,1031,51,3.0,56.0,5496,1.45,9.3,0.9,3.8,7.4,1.96
5,2021,NC Dinos,27.7,4.8,67,67,0.5,4.5,4.95,143,143.0,140.0,3,10,33,1247.2,1256,686,624,122,585,14.0,1046,77,8.0,74.0,5575,1.476,9.1,0.9,4.2,7.5,1.79
6,2021,Kiwoom Heroes,25.8,4.89,69,67,0.507,4.33,5.02,143,143.0,142.0,1,7,30,1254.1,1276,699,604,100,566,27.0,893,80,4.0,58.0,5568,1.469,9.2,0.7,4.1,6.4,1.58
7,2021,SSG Landers,27.3,5.13,66,63,0.512,4.8,5.2,143,143.0,143.0,0,5,25,1267.2,1283,733,676,147,623,27.0,1006,78,9.0,40.0,5661,1.504,9.1,1.0,4.4,7.1,1.61
8,2021,Hanwha Eagles,27.0,5.13,49,82,0.374,4.67,5.29,143,143.0,142.0,1,6,21,1249.2,1200,734,648,114,669,22.0,1006,101,11.0,56.0,5633,1.496,8.6,0.8,4.8,7.2,1.5
9,2021,Kia Tigers,25.3,5.22,58,75,0.436,4.89,5.33,143,143.0,142.0,1,6,36,1260.0,1274,746,684,133,616,5.0,946,104,9.0,58.0,5658,1.5,9.1,1.0,4.4,6.8,1.54
10,2021,Lotte Giants,27.1,5.64,64,71,0.474,5.39,5.75,143,143.0,142.0,1,12,36,1262.0,1330,806,756,132,653,19.0,1047,86,5.0,102.0,5722,1.571,9.5,0.9,4.7,7.5,1.6
11,2020,Kiwoom Heroes,26.4,4.81,80,63,0.559,4.39,4.86,144,144.0,144.0,0,6,42,1280.1,1336,692,624,126,446,16.0,950,73,7.0,51.0,5556,1.392,9.4,0.9,3.1,6.7,2.13
12,2020,LG Twins,27.4,4.82,79,61,0.564,4.37,4.83,144,144.0,142.0,2,13,29,1292.2,1344,694,627,123,493,12.0,1019,86,4.0,49.0,5655,1.421,9.4,0.9,3.4,7.1,2.07
13,2020,Doosan Bears,26.7,4.83,79,61,0.564,4.31,4.87,144,144.0,143.0,1,13,23,1285.2,1395,695,616,109,478,22.0,1046,61,4.0,52.0,5681,1.457,9.8,0.8,3.3,7.3,2.19
14,2020,NC Dinos,27.5,4.96,83,55,0.601,4.58,4.96,144,144.0,144.0,0,7,31,1296.2,1292,714,660,153,547,10.0,1049,79,7.0,65.0,5690,1.418,9.0,1.1,3.8,7.3,1.92
15,2020,KT Wiz,27.5,4.97,81,62,0.566,4.54,4.99,144,144.0,144.0,0,5,33,1290.1,1357,715,651,118,523,20.0,848,59,1.0,75.0,5680,1.457,9.5,0.8,3.6,5.9,1.62
16,2020,Lotte Giants,28.8,5.0,71,72,0.497,4.64,5.07,144,144.0,143.0,1,16,25,1277.1,1351,720,659,143,447,25.0,1002,58,4.0,62.0,5583,1.408,9.5,1.0,3.1,7.1,2.24
17,2020,Samsung Lions,27.6,5.17,64,75,0.46,4.78,5.27,144,144.0,141.0,3,11,25,1272.1,1330,745,676,151,542,16.0,931,67,5.0,55.0,5634,1.471,9.4,1.1,3.8,6.6,1.72
18,2020,Kia Tigers,27.3,5.52,73,71,0.507,5.13,5.63,144,144.0,143.0,1,5,33,1270.0,1399,795,724,120,559,8.0,1038,70,4.0,78.0,5681,1.542,9.9,0.9,4.0,7.4,1.86
19,2020,Hanwha Eagles,27.2,5.69,46,95,0.326,5.28,5.83,144,144.0,143.0,1,6,21,1265.0,1400,820,742,158,609,22.0,1019,79,5.0,76.0,5756,1.588,10.0,1.1,4.3,7.2,1.67
22,2019,Doosan Bears,28.8,3.82,88,55,0.615,3.51,3.86,144,144.0,141.0,3,10,44,1283.2,1259,550,500,78,380,22.0,860,70,5.0,48.0,5434,1.277,8.8,0.5,2.7,6.0,2.26
23,2019,Kiwoom Heroes,26.5,3.97,86,57,0.601,3.61,4.03,144,144.0,142.0,2,12,39,1279.0,1293,572,513,61,371,3.0,984,58,6.0,45.0,5427,1.301,9.1,0.4,2.6,6.9,2.65
24,2019,NC Dinos,27.2,4.38,73,69,0.514,4.01,4.42,144,144.0,139.0,5,8,32,1284.1,1285,631,572,103,483,10.0,991,92,2.0,68.0,5578,1.377,9.0,0.7,3.4,6.9,2.05
25,2019,LG Twins,27.6,4.4,79,64,0.552,3.86,4.44,144,144.0,143.0,1,9,43,1283.1,1257,633,551,89,499,15.0,953,91,1.0,64.0,5555,1.368,8.8,0.6,3.5,6.7,1.91
26,2019,KT Wiz,25.5,4.59,71,71,0.5,4.29,4.66,144,144.0,142.0,2,10,37,1277.0,1303,661,608,118,481,17.0,848,61,6.0,50.0,5533,1.397,9.2,0.8,3.4,6.0,1.76
27,2019,Kia Tigers,26.2,5.02,62,80,0.437,4.65,5.15,144,144.0,141.0,3,11,30,1264.0,1362,723,653,101,504,17.0,976,76,2.0,51.0,5614,1.476,9.7,0.7,3.6,6.9,1.94
28,2019,Samsung Lions,28.6,5.08,60,83,0.42,4.64,5.16,144,144.0,140.0,4,8,29,1275.1,1332,731,658,125,523,9.0,924,70,5.0,49.0,5638,1.455,9.4,0.9,3.7,6.5,1.77
29,2019,Hanwha Eagles,27.3,5.12,58,86,0.403,4.8,5.23,144,144.0,142.0,2,8,28,1268.2,1407,737,677,120,526,9.0,934,72,4.0,66.0,5656,1.524,10.0,0.9,3.7,6.6,1.78
30,2019,Lotte Giants,28.8,5.31,48,93,0.34,4.83,5.41,144,144.0,143.0,1,8,16,1271.0,1407,764,682,120,546,33.0,1033,71,4.0,103.0,5729,1.537,10.0,0.8,3.9,7.3,1.89
32,2018,Doosan Bears,27.7,5.25,93,51,0.646,4.98,5.28,144,144.0,143.0,1,9,41,1288.2,1401,756,713,154,476,17.0,1025,109,2.0,72.0,5700,1.457,9.8,1.1,3.3,7.2,2.15
33,2018,Hanwha Eagles,27.7,5.28,77,67,0.535,4.93,5.38,144,144.0,144.0,0,5,37,1274.0,1394,761,698,164,472,9.0,1124,89,7.0,78.0,5637,1.465,9.8,1.2,3.3,7.9,2.38
35,2018,Samsung Lions,28.7,5.57,68,72,0.486,5.19,5.62,144,144.0,144.0,0,5,33,1285.1,1477,802,741,185,441,10.0,1114,107,5.0,45.0,5740,1.492,10.3,1.3,3.1,7.8,2.53
36,2018,LG Twins,27.7,5.67,68,75,0.476,5.29,5.79,144,144.0,141.0,3,7,29,1268.2,1434,816,746,159,453,13.0,1058,89,4.0,72.0,5677,1.487,10.2,1.1,3.2,7.5,2.34
37,2018,Kia Tigers,28.1,5.74,70,74,0.486,5.4,5.85,144,144.0,140.0,4,5,26,1270.2,1511,826,763,181,445,28.0,1017,69,3.0,65.0,5708,1.539,10.7,1.3,3.2,7.2,2.29
38,2018,KT Wiz,27.9,5.79,59,82,0.418,5.34,5.89,144,144.0,140.0,4,5,24,1274.1,1580,834,756,194,409,25.0,1025,84,1.0,63.0,5743,1.561,11.2,1.4,2.9,7.2,2.51
39,2018,NC Dinos,26.4,5.86,58,85,0.406,5.48,6.01,144,144.0,143.0,1,4,24,1264.0,1443,844,769,186,537,17.0,1010,68,6.0,92.0,5701,1.566,10.3,1.3,3.8,7.2,1.88
40,2018,Lotte Giants,30.4,5.88,68,74,0.479,5.37,5.93,144,144.0,144.0,0,6,29,1283.2,1410,846,766,166,548,23.0,1164,73,7.0,65.0,5788,1.525,9.9,1.2,3.8,8.2,2.12
41,2017,LG Twins,28.7,4.7,69,72,0.489,4.3,4.76,144,144.0,140.0,4,6,32,1279.0,1305,677,611,124,379,31.0,1040,102,3.0,81.0,5507,1.317,9.2,0.9,2.7,7.3,2.74
42,2017,Doosan Bears,29.4,4.71,84,57,0.596,4.38,4.74,144,144.0,141.0,3,9,35,1288.0,1405,678,627,125,464,11.0,956,87,4.0,54.0,5682,1.451,9.8,0.9,3.2,6.7,2.06
43,2017,Lotte Giants,28.9,4.87,80,62,0.563,4.56,4.9,144,144.0,143.0,1,10,39,1287.1,1357,701,652,162,477,25.0,1096,79,7.0,67.0,5634,1.425,9.5,1.1,3.3,7.7,2.3
44,2017,Kia Tigers,28.1,5.16,87,56,0.608,4.79,5.18,144,144.0,139.0,5,5,33,1290.0,1518,743,687,137,434,22.0,985,77,4.0,69.0,5748,1.513,10.6,1.0,3.0,6.9,2.27
45,2017,NC Dinos,27.1,5.17,79,62,0.56,4.71,5.22,144,144.0,143.0,1,10,32,1284.2,1342,745,673,169,470,12.0,1097,93,3.0,93.0,5640,1.41,9.4,1.2,3.3,7.7,2.33
48,2017,Hanwha Eagles,31.2,5.69,61,81,0.43,5.28,5.8,144,144.0,143.0,1,5,31,1273.0,1474,820,747,166,446,13.0,914,100,4.0,77.0,5698,1.508,10.4,1.2,3.2,6.5,2.05
49,2017,KT Wiz,25.5,6.08,50,94,0.347,5.75,6.28,144,144.0,140.0,4,7,22,1256.0,1524,876,803,174,433,11.0,913,95,6.0,77.0,5702,1.558,10.9,1.2,3.1,6.5,2.11
50,2017,Samsung Lions,28.5,6.33,55,84,0.396,5.88,6.4,144,144.0,143.0,1,3,27,1281.1,1541,911,837,187,548,15.0,1063,118,4.0,74.0,5916,1.63,10.8,1.3,3.8,7.5,1.94
51,2016,Doosan Bears,29.1,4.74,93,50,0.65,4.45,4.77,144,144.0,142.0,2,7,36,1287.2,1385,682,636,136,498,7.0,982,77,4.0,66.0,5658,1.462,9.7,1.0,3.5,6.9,1.97
52,2016,NC Dinos,26.2,4.79,83,58,0.589,4.48,4.83,144,144.0,144.0,0,10,36,1286.1,1314,690,640,137,516,2.0,1147,86,7.0,84.0,5643,1.423,9.2,1.0,3.6,8.0,2.22
55,2016,Kia Tigers,28.1,5.45,70,73,0.49,4.97,5.54,144,144.0,137.0,7,5,38,1276.0,1456,785,705,131,561,18.0,965,59,7.0,69.0,5771,1.581,10.3,0.9,4.0,6.8,1.72
56,2016,LG Twins,28.9,5.6,71,71,0.5,5.04,5.64,144,144.0,142.0,2,5,34,1287.2,1426,807,721,122,539,27.0,909,109,1.0,84.0,5782,1.526,10.0,0.9,3.8,6.4,1.69
57,2016,Lotte Giants,28.4,6.01,66,78,0.458,5.63,6.15,144,144.0,142.0,2,5,27,1266.1,1486,865,792,161,585,27.0,1009,78,5.0,82.0,5785,1.635,10.6,1.1,4.2,7.2,1.72
58,2016,Samsung Lions,28.8,6.03,65,78,0.455,5.64,6.1,144,144.0,142.0,2,4,34,1282.1,1507,869,804,193,518,6.0,935,87,8.0,52.0,5799,1.579,10.6,1.4,3.6,6.6,1.81
59,2016,Hanwha Eagles,30.5,6.31,66,75,0.468,5.76,6.32,144,144.0,143.0,1,2,24,1292.2,1520,908,827,155,634,23.0,976,76,6.0,72.0,5937,1.666,10.6,1.1,4.4,6.8,1.54
60,2016,KT Wiz,25.4,6.44,53,89,0.373,5.92,6.55,144,144.0,143.0,1,2,27,1273.0,1593,927,838,145,560,9.0,980,84,9.0,77.0,5896,1.691,11.3,1.0,4.0,6.9,1.75
61,2015,NC Dinos,27.9,4.55,84,57,0.596,4.26,4.61,144,144.0,143.0,1,11,37,1279.1,1283,655,605,149,436,13.0,1057,113,3.0,60.0,5536,1.344,9.0,1.0,3.1,7.4,2.42
62,2015,Samsung Lions,30.3,4.97,88,56,0.611,4.69,5.05,144,144.0,140.0,4,7,34,1275.1,1323,716,665,182,423,11.0,1194,64,2.0,44.0,5523,1.369,9.3,1.3,3.0,8.4,2.82
63,2015,LG Twins,28.9,5.01,64,78,0.451,4.62,5.07,144,144.0,141.0,3,5,25,1279.2,1352,721,657,125,490,30.0,1063,98,3.0,82.0,5599,1.439,9.5,0.9,3.4,7.5,2.17
65,2015,Kia Tigers,28.4,5.13,67,77,0.465,4.79,5.22,144,144.0,143.0,1,10,32,1273.0,1371,739,678,143,572,22.0,979,98,4.0,80.0,5673,1.526,9.7,1.0,4.0,6.9,1.71
66,2015,Doosan Bears,27.9,5.39,79,65,0.549,5.02,5.43,144,144.0,141.0,3,10,30,1286.0,1385,776,718,138,584,15.0,1064,77,11.0,72.0,5762,1.531,9.7,1.0,4.1,7.4,1.82
68,2015,Hanwha Eagles,30.4,5.56,68,76,0.472,5.11,5.63,144,144.0,139.0,5,7,32,1279.2,1349,800,727,157,648,38.0,920,96,9.0,85.0,5771,1.561,9.5,1.1,4.6,6.5,1.42
69,2015,Lotte Giants,30.3,5.57,66,77,0.462,5.07,5.63,144,144.0,141.0,3,5,19,1281.1,1461,802,722,164,489,26.0,1015,87,3.0,89.0,5724,1.522,10.3,1.2,3.4,7.1,2.08
70,2015,KT Wiz,25.9,6.08,52,91,0.364,5.56,6.22,144,144.0,141.0,3,3,16,1266.2,1518,875,782,154,577,17.0,1046,87,4.0,86.0,5799,1.654,10.8,1.1,4.1,7.4,1.81
71,2014,NC Dinos,27.5,4.75,70,57,0.551,4.29,4.82,128,128.0,125.0,3,4,31,1135.2,1174,608,541,117,481,8.0,848,73,5.0,50.0,5003,1.457,9.3,0.9,3.8,6.7,1.76
72,2014,Samsung Lions,30.2,4.85,78,47,0.624,4.52,4.89,128,128.0,125.0,3,6,35,1144.0,1217,621,575,120,395,11.0,996,61,3.0,51.0,4990,1.409,9.6,0.9,3.1,7.8,2.52
73,2014,LG Twins,29.1,5.02,62,64,0.492,4.58,5.06,128,128.0,126.0,2,9,35,1142.2,1211,643,581,104,419,25.0,810,95,1.0,51.0,5028,1.426,9.5,0.8,3.3,6.4,1.93
75,2014,Lotte Giants,32.4,5.62,58,69,0.457,5.19,5.71,128,128.0,128.0,0,4,28,1133.1,1310,719,654,127,471,13.0,781,52,1.0,54.0,5092,1.571,10.4,1.0,3.7,6.2,1.66
76,2014,Doosan Bears,28.2,5.73,59,68,0.465,5.43,5.87,128,128.0,124.0,4,2,19,1123.2,1311,733,678,121,450,4.0,840,58,4.0,56.0,5066,1.567,10.5,1.0,3.6,6.7,1.87
78,2014,Kia Tigers,28.9,6.16,54,74,0.422,5.82,6.32,128,128.0,126.0,2,5,26,1121.2,1289,788,725,116,561,8.0,896,67,1.0,78.0,5143,1.649,10.3,0.9,4.5,7.2,1.6
79,2014,Hanwha Eagles,27.0,6.95,49,77,0.389,6.35,7.09,128,128.0,126.0,2,3,26,1129.0,1451,889,796,162,537,14.0,748,81,3.0,83.0,5312,1.761,11.6,1.3,4.3,6.0,1.39
80,2013,LG Twins,29.8,3.98,74,54,0.578,3.72,4.05,128,128.0,124.0,4,9,42,1134.2,1131,510,469,74,406,27.0,822,87,2.0,46.0,4848,1.355,9.0,0.6,3.2,6.5,2.02
81,2013,Samsung Lions,28.5,4.26,75,51,0.595,3.98,4.28,128,128.0,126.0,2,5,31,1146.2,1119,545,507,98,411,12.0,955,60,4.0,44.0,4896,1.334,8.8,0.8,3.2,7.5,2.32
82,2013,NC Dinos,25.7,4.3,52,72,0.419,3.96,4.33,128,128.0,123.0,5,5,26,1144.1,1077,551,503,96,458,13.0,857,94,6.0,60.0,4919,1.341,8.5,0.8,3.6,6.7,1.87
83,2013,Lotte Giants,31.2,4.32,66,58,0.532,3.93,4.33,128,128.0,127.0,1,11,38,1149.1,1148,553,502,84,489,15.0,820,62,0.0,45.0,4986,1.424,9.0,0.7,3.8,6.4,1.68
86,2013,Doosan Bears,28.5,4.88,71,54,0.568,4.57,4.89,128,128.0,127.0,1,8,30,1150.1,1183,625,584,84,514,10.0,848,76,6.0,55.0,5043,1.475,9.3,0.7,4.0,6.6,1.65
87,2013,Hanwha Eagles,26.8,5.55,42,85,0.331,5.31,5.67,128,128.0,126.0,2,2,22,1129.0,1195,711,666,98,532,17.0,822,95,8.0,89.0,5073,1.53,9.5,0.8,4.2,6.6,1.55
88,2013,Kia Tigers,28.0,5.55,51,74,0.408,5.12,5.6,128,128.0,126.0,2,3,32,1142.1,1307,711,650,88,532,12.0,923,76,6.0,73.0,5200,1.61,10.3,0.7,4.2,7.3,1.74
89,2012,Samsung Lions,29.0,3.56,80,51,0.611,3.39,3.58,133,133.0,130.0,3,13,39,1187.2,1085,473,448,65,384,14.0,885,37,5.0,46.0,4941,1.237,8.2,0.5,2.9,6.7,2.3
90,2012,Lotte Giants,29.9,3.89,65,62,0.512,3.48,3.92,133,133.0,130.0,3,9,39,1190.1,1145,518,460,74,469,20.0,825,53,1.0,65.0,5070,1.356,8.7,0.6,3.5,6.2,1.76
91,2012,Doosan Bears,28.3,3.9,68,62,0.523,3.58,3.91,133,133.0,124.0,9,12,38,1193.1,1053,519,475,66,491,17.0,802,57,4.0,57.0,5012,1.294,7.9,0.5,3.7,6.0,1.63
94,2012,Kia Tigers,27.8,4.24,62,65,0.488,3.9,4.29,133,133.0,122.0,11,15,27,1183.2,1161,564,513,69,452,13.0,822,68,6.0,56.0,5101,1.363,8.8,0.5,3.4,6.3,1.82
95,2012,LG Twins,28.1,4.36,57,72,0.442,4.02,4.34,133,133.0,132.0,1,11,35,1202.0,1235,580,537,65,422,23.0,735,71,6.0,57.0,5188,1.379,9.2,0.5,3.2,5.5,1.74
96,2012,Hanwha Eagles,28.0,4.86,53,77,0.408,4.55,4.97,133,133.0,130.0,3,6,29,1172.1,1148,647,593,106,488,18.0,936,68,3.0,82.0,5092,1.396,8.8,0.8,3.7,7.2,1.92
97,2011,Samsung Lions,28.0,3.86,79,50,0.612,3.35,3.86,133,133.0,132.0,1,12,48,1196.1,1191,513,445,92,395,8.0,841,38,5.0,40.0,5077,1.326,9.0,0.7,3.0,6.3,2.13
99,2011,Kia Tigers,27.5,4.36,70,63,0.526,4.1,4.49,133,133.0,126.0,7,10,29,1163.2,1117,580,530,87,457,14.0,920,76,6.0,51.0,4991,1.353,8.6,0.7,3.5,7.1,2.01
100,2011,Lotte Giants,28.0,4.65,72,56,0.563,4.2,4.69,133,133.0,130.0,3,6,27,1187.0,1256,619,554,113,430,19.0,787,58,4.0,62.0,5114,1.42,9.5,0.9,3.3,6.0,1.83
101,2011,Doosan Bears,27.9,4.65,61,70,0.466,4.26,4.69,133,133.0,129.0,4,7,34,1188.2,1231,619,563,96,476,19.0,855,75,6.0,70.0,5170,1.436,9.3,0.7,3.6,6.5,1.8
102,2011,LG Twins,26.4,4.66,59,72,0.45,4.15,4.67,133,133.0,131.0,2,11,30,1193.2,1173,620,550,80,512,20.0,827,71,6.0,52.0,5209,1.412,8.8,0.6,3.9,6.2,1.62
104,2011,Hanwha Eagles,25.4,5.47,59,72,0.45,5.11,5.57,133,133.0,129.0,4,6,26,1175.0,1273,727,667,128,524,10.0,938,55,2.0,91.0,5280,1.529,9.8,1.0,4.0,7.2,1.79
106,2010,Samsung Lions,27.2,4.32,79,52,0.603,3.94,4.34,133,133.0,131.0,2,7,33,1193.2,1168,575,523,103,453,11.0,951,54,3.0,61.0,5119,1.358,8.8,0.8,3.4,7.2,2.1
107,2010,Kia Tigers,27.6,4.82,59,74,0.444,4.39,4.87,133,133.0,129.0,4,7,25,1183.2,1227,641,577,93,468,19.0,885,81,4.0,53.0,5205,1.432,9.3,0.7,3.6,6.7,1.89
109,2010,Doosan Bears,26.1,5.03,73,57,0.562,4.62,5.1,133,133.0,131.0,2,7,30,1179.2,1190,669,606,135,437,6.0,888,85,2.0,58.0,5131,1.379,9.1,1.0,3.3,6.8,2.03
110,2010,Lotte Giants,26.4,5.34,69,61,0.531,4.82,5.35,133,133.0,126.0,7,6,21,1194.0,1291,710,640,149,419,41.0,779,78,3.0,49.0,5204,1.432,9.7,1.1,3.2,5.9,1.86
111,2010,LG Twins,29.1,5.61,57,71,0.445,5.23,5.65,133,133.0,130.0,3,8,31,1188.0,1279,746,690,125,560,23.0,793,104,6.0,74.0,5326,1.548,9.7,0.9,4.2,6.0,1.42
112,2010,Hanwha Eagles,26.1,5.74,49,82,0.374,5.43,5.87,133,133.0,127.0,6,6,24,1169.1,1290,763,705,146,551,17.0,806,72,5.0,65.0,5267,1.574,9.9,1.1,4.2,6.2,1.46
114,2009,Kia Tigers,27.0,4.37,81,48,0.628,3.92,4.36,133,133.0,129.0,4,10,38,1199.0,1178,581,522,108,441,22.0,893,83,2.0,22.0,5176,1.35,8.8,0.8,3.3,6.7,2.02
115,2009,Doosan Bears,24.8,4.98,71,60,0.542,4.6,5.02,133,133.0,132.0,1,6,32,1186.1,1221,662,607,120,515,7.0,862,75,3.0,55.0,5205,1.463,9.3,0.9,3.9,6.5,1.67
116,2009,Lotte Giants,27.6,5.03,66,67,0.496,4.75,5.18,133,133.0,127.0,6,13,40,1162.1,1290,669,613,139,487,35.0,722,67,3.0,49.0,5165,1.529,10.0,1.1,3.8,5.6,1.48
117,2009,Samsung Lions,25.9,5.26,64,69,0.481,4.98,5.41,133,133.0,130.0,3,2,32,1163.2,1226,700,644,141,609,9.0,905,56,1.0,67.0,5209,1.577,9.5,1.1,4.7,7.0,1.49
119,2009,LG Twins,27.6,5.74,54,75,0.419,5.42,5.84,133,133.0,133.0,0,3,25,1175.0,1316,763,707,165,585,10.0,777,91,1.0,56.0,5339,1.618,10.1,1.3,4.5,6.0,1.33
120,2009,Hanwha Eagles,26.7,6.05,46,84,0.354,5.7,6.17,133,133.0,129.0,4,2,16,1174.0,1335,805,743,176,569,28.0,908,77,5.0,56.0,5346,1.622,10.2,1.3,4.4,7.0,1.6
122,2008,Lotte Giants,28.5,4.11,69,57,0.548,3.64,4.17,126,126.0,117.0,9,5,27,1119.0,1134,518,453,70,409,32.0,671,47,2.0,42.0,4769,1.379,9.1,0.6,3.3,5.4,1.64
123,2008,Doosan Bears,26.2,4.3,70,56,0.556,3.89,4.3,126,126.0,126.0,0,8,26,1134.2,1115,542,490,78,379,13.0,780,69,5.0,45.0,4857,1.317,8.8,0.6,3.0,6.2,2.06
124,2008,Kia Tigers,25.7,4.4,57,69,0.452,4.08,4.44,126,126.0,123.0,3,9,29,1124.0,1078,555,510,65,473,9.0,733,77,5.0,52.0,4850,1.38,8.6,0.5,3.8,5.9,1.55
125,2008,Hanwha Eagles,28.8,4.72,64,62,0.508,4.43,4.74,126,126.0,123.0,3,5,36,1129.2,1136,595,556,95,519,28.0,723,49,4.0,37.0,4911,1.465,9.1,0.8,4.1,5.8,1.39
126,2008,Samsung Lions,28.2,4.73,65,61,0.516,4.4,4.78,126,126.0,126.0,0,6,40,1123.1,1184,596,549,87,416,4.0,703,43,4.0,49.0,4867,1.424,9.5,0.7,3.3,5.6,1.69
128,2008,LG Twins,27.0,5.13,46,80,0.365,4.85,5.25,126,126.0,125.0,1,9,25,1108.1,1239,646,597,82,480,4.0,631,72,3.0,46.0,4976,1.551,10.1,0.7,3.9,5.1,1.31
130,2007,Doosan Bears,26.3,3.81,70,54,0.565,3.44,3.82,126,126.0,120.0,6,14,30,1131.1,1067,480,432,74,399,24.0,721,75,4.0,43.0,4814,1.296,8.5,0.6,3.2,5.7,1.81
131,2007,Hanwha Eagles,29.1,3.82,67,57,0.54,3.54,3.87,126,126.0,117.0,9,5,39,1119.0,1084,481,440,84,451,24.0,741,53,4.0,38.0,4781,1.372,8.7,0.7,3.6,6.0,1.64
132,2007,Samsung Lions,27.5,4.04,62,60,0.508,3.71,4.05,126,126.0,126.0,0,11,41,1131.2,1091,509,466,90,400,7.0,719,58,5.0,35.0,4824,1.318,8.7,0.7,3.2,5.7,1.8
133,2007,Lotte Giants,28.7,4.4,55,68,0.447,4.12,4.45,126,126.0,124.0,2,9,22,1120.2,1164,554,513,93,414,40.0,704,69,4.0,46.0,4871,1.408,9.3,0.7,3.3,5.7,1.7
134,2007,LG Twins,28.7,4.76,58,62,0.483,4.33,4.75,126,126.0,124.0,2,9,34,1135.2,1181,600,547,63,514,21.0,630,52,2.0,48.0,5014,1.493,9.4,0.5,4.1,5.0,1.23
135,2007,Kia Tigers,23.8,4.78,51,74,0.408,4.49,4.88,126,126.0,124.0,2,6,26,1109.2,1109,602,554,103,526,28.0,670,97,7.0,60.0,4933,1.473,9.0,0.8,4.3,5.4,1.27
137,2006,Kia Tigers,24.0,3.58,64,59,0.52,3.33,3.63,126,126.0,124.0,2,9,35,1118.1,998,451,414,73,442,17.0,735,78,2.0,44.0,4725,1.288,8.0,0.6,3.6,5.9,1.66
139,2006,Doosan Bears,26.4,3.71,63,60,0.512,3.36,3.77,126,126.0,119.0,7,10,39,1115.2,968,467,416,69,424,13.0,834,69,1.0,55.0,4690,1.248,7.8,0.6,3.4,6.7,1.97
140,2006,Samsung Lions,27.4,3.74,73,50,0.593,3.33,3.79,126,126.0,125.0,1,15,49,1118.0,1030,471,414,100,365,9.0,781,63,7.0,21.0,4699,1.248,8.3,0.8,2.9,6.3,2.14
141,2006,Hanwha Eagles,30.2,3.77,67,57,0.54,3.35,3.81,126,126.0,115.0,11,14,41,1121.1,1077,475,418,94,373,17.0,760,49,2.0,37.0,4731,1.293,8.6,0.8,3.0,6.1,2.04
143,2006,Lotte Giants,27.7,4.29,50,73,0.407,3.86,4.35,126,126.0,121.0,5,9,28,1118.2,1128,541,480,83,410,30.0,637,60,1.0,30.0,4822,1.375,9.1,0.7,3.3,5.1,1.55
144,2006,LG Twins,26.9,4.56,47,75,0.385,4.22,4.65,126,126.0,123.0,3,10,29,1110.0,1144,574,521,87,439,23.0,625,60,3.0,41.0,4834,1.426,9.3,0.7,3.6,5.1,1.42
145,2005,Doosan Bears,24.7,3.69,72,51,0.585,3.42,3.72,126,126.0,124.0,2,14,33,1125.0,1038,465,427,90,440,13.0,818,77,2.0,56.0,4774,1.314,8.3,0.7,3.5,6.5,1.86
147,2005,Samsung Lions,26.8,4.19,74,48,0.607,3.83,4.21,126,126.0,124.0,2,7,37,1129.1,1026,528,480,109,387,11.0,875,79,5.0,49.0,4791,1.251,8.2,0.9,3.1,7.0,2.26
148,2005,Lotte Giants,27.3,4.55,58,67,0.464,4.3,4.6,126,126.0,124.0,2,6,33,1120.1,1097,573,535,91,408,41.0,817,89,1.0,44.0,4845,1.343,8.8,0.7,3.3,6.6,2.0
149,2005,Hanwha Eagles,29.3,4.79,64,61,0.512,4.41,4.88,126,126.0,124.0,2,6,36,1111.0,1193,603,545,111,389,9.0,662,88,2.0,35.0,4870,1.424,9.7,0.9,3.2,5.4,1.7
151,2005,Kia Tigers,25.5,5.23,49,76,0.392,4.81,5.37,126,126.0,118.0,8,5,24,1105.0,1166,659,591,138,510,16.0,786,119,3.0,59.0,4975,1.517,9.5,1.1,4.2,6.4,1.54
152,2005,LG Twins,27.2,5.29,54,71,0.432,4.9,5.44,126,126.0,123.0,3,7,31,1102.1,1212,666,600,109,480,27.0,781,80,5.0,48.0,4969,1.535,9.9,0.9,3.9,6.4,1.63
153,2004,Doosan Bears,26.3,4.21,70,62,0.53,3.88,4.28,133,133.0,129.0,4,12,38,1177.2,1144,560,508,95,457,18.0,799,75,3.0,49.0,5056,1.359,8.7,0.7,3.5,6.1,1.75
154,2004,Samsung Lions,25.6,4.24,73,52,0.584,3.76,4.24,133,133.0,129.0,4,9,42,1196.1,1092,564,500,118,505,17.0,994,85,6.0,43.0,5138,1.335,8.2,0.9,3.8,7.5,1.97
156,2004,Lotte Giants,27.8,4.57,50,72,0.41,4.22,4.6,133,133.0,129.0,4,8,29,1190.1,1216,608,558,109,449,41.0,753,76,3.0,43.0,5160,1.399,9.2,0.8,3.4,5.7,1.68
157,2004,LG Twins,26.4,4.79,59,70,0.457,4.31,4.92,133,133.0,130.0,3,6,35,1164.1,1235,637,557,116,543,31.0,783,64,1.0,55.0,5180,1.527,9.5,0.9,4.2,6.1,1.44
158,2004,Kia Tigers,28.2,4.79,67,61,0.523,4.51,4.85,133,133.0,128.0,5,9,27,1183.0,1198,637,593,119,496,13.0,773,120,1.0,48.0,5199,1.432,9.1,0.9,3.8,5.9,1.56
160,2004,Hanwha Eagles,27.3,5.64,53,74,0.417,5.21,5.72,133,133.0,130.0,3,0,37,1180.2,1290,750,683,170,455,18.0,699,92,2.0,47.0,5267,1.478,9.8,1.3,3.5,5.3,1.54
161,2003,Kia Tigers,26.9,3.96,78,50,0.609,3.62,4.03,133,133.0,121.0,12,10,36,1178.0,1092,527,474,137,414,12.0,820,101,1.0,42.0,4999,1.278,8.3,1.0,3.2,6.3,1.98
162,2003,LG Twins,25.7,4.35,60,71,0.458,3.98,4.46,133,133.0,131.0,2,10,37,1169.2,1201,579,517,120,531,27.0,794,60,2.0,49.0,5166,1.481,9.2,0.9,4.1,6.1,1.5
163,2003,Samsung Lions,25.7,4.61,76,53,0.589,4.37,4.66,133,133.0,131.0,2,5,30,1183.0,1199,613,574,133,494,15.0,808,59,3.0,46.0,5150,1.431,9.1,1.0,3.8,6.1,1.64
164,2003,Hanwha Eagles,29.0,4.64,63,65,0.492,4.37,4.66,133,133.0,129.0,4,8,35,1192.0,1184,617,579,142,437,14.0,772,68,9.0,53.0,5165,1.36,8.9,1.1,3.3,5.8,1.77
165,2003,Doosan Bears,27.3,4.65,57,74,0.435,4.24,4.74,133,133.0,126.0,7,7,30,1175.2,1194,619,554,105,464,22.0,654,79,3.0,37.0,5144,1.41,9.1,0.8,3.6,5.0,1.41
168,2003,Lotte Giants,27.1,5.33,39,91,0.3,5.01,5.48,133,133.0,130.0,3,4,22,1164.1,1302,709,648,171,435,16.0,647,93,3.0,36.0,5173,1.492,10.1,1.3,3.4,5.0,1.49
169,2002,Doosan Bears,27.2,4.23,66,65,0.504,3.93,4.28,133,133.0,130.0,3,6,38,1183.0,1139,562,517,99,479,30.0,954,60,2.0,44.0,5087,1.368,8.7,0.8,3.6,7.3,1.99
170,2002,LG Twins,28.1,4.32,66,61,0.52,3.93,4.35,133,133.0,131.0,2,9,32,1190.2,1119,575,520,135,501,30.0,896,100,5.0,40.0,5145,1.361,8.5,1.0,3.8,6.8,1.79
171,2002,Kia Tigers,28.3,4.36,78,51,0.605,3.92,4.37,133,133.0,123.0,10,7,38,1195.0,1185,580,520,151,370,14.0,862,97,2.0,55.0,5106,1.301,8.9,1.1,2.8,6.5,2.33
172,2002,Samsung Lions,26.3,4.37,82,47,0.636,3.92,4.37,133,133.0,131.0,2,8,37,1197.2,1182,581,521,148,385,16.0,987,74,3.0,45.0,5089,1.308,8.9,1.1,2.9,7.4,2.56
175,2002,Hanwha Eagles,30.3,5.05,59,69,0.461,4.79,5.11,133,133.0,125.0,8,5,32,1184.2,1254,672,631,146,392,29.0,953,102,4.0,42.0,5198,1.389,9.5,1.1,3.0,7.2,2.43
176,2002,Lotte Giants,26.4,5.34,35,97,0.265,4.72,5.47,133,133.0,128.0,5,7,13,1168.0,1269,710,612,130,443,16.0,775,83,1.0,40.0,5156,1.466,9.8,1.0,3.4,6.0,1.75
179,2001,Samsung Lions,26.0,4.84,81,52,0.609,4.39,4.88,133,133.0,126.0,7,6,43,1187.1,1195,644,579,132,561,20.0,844,61,8.0,38.0,5243,1.479,9.1,1.0,4.3,6.4,1.5
180,2001,Lotte Giants,26.5,5.04,59,70,0.457,4.68,5.15,133,133.0,133.0,0,3,33,1171.2,1238,670,609,128,523,23.0,790,61,2.0,53.0,5189,1.503,9.5,1.0,4.0,6.1,1.51
181,2001,Kia Tigers,27.8,5.47,60,68,0.469,5.01,5.55,133,133.0,123.0,10,6,28,1178.2,1231,727,656,160,499,17.0,743,79,3.0,51.0,5207,1.468,9.4,1.2,3.8,5.7,1.49
182,2001,LG Twins,27.6,5.5,58,67,0.464,5.09,5.56,133,133.0,133.0,0,3,26,1184.2,1253,732,670,127,647,43.0,765,69,6.0,52.0,5380,1.604,9.5,1.0,4.9,5.8,1.18
183,2001,Hanwha Eagles,28.7,5.51,61,68,0.473,4.82,5.57,133,133.0,126.0,7,5,25,1185.0,1288,733,634,142,541,44.0,813,66,5.0,57.0,5331,1.543,9.8,1.1,4.1,6.2,1.5
184,2001,Doosan Bears,27.5,5.51,65,63,0.508,4.96,5.59,133,133.0,132.0,1,3,35,1180.1,1290,733,650,128,546,17.0,799,60,0.0,47.0,5282,1.555,9.8,1.0,4.2,6.1,1.46
186,2000,Lotte Giants,25.8,3.98,59,58,0.504,4.03,4.39,133,,,6,1,33,1085.1,1029,529,486,116,397,,839,53,,,4612,1.314,8.5,1.0,3.3,7.0,2.11
187,2000,Doosan Bears,26.1,4.29,72,51,0.585,4.1,4.61,133,,,3,1,52,1111.2,1116,570,507,98,487,,808,56,,,4866,1.442,9.0,0.8,3.9,6.5,1.66
188,2000,LG Twins,26.8,4.74,67,63,0.515,4.45,4.79,133,,,7,1,33,1185.2,1197,631,586,113,449,,886,61,,,5127,1.388,9.1,0.9,3.4,6.7,1.97
189,2000,Samsung Lions,25.6,5.04,69,59,0.539,4.64,5.09,133,,,6,2,34,1184.1,1233,670,610,130,524,,880,77,,,5229,1.484,9.4,1.0,4.0,6.7,1.68
191,2000,Hanwha Eagles,27.4,5.83,50,78,0.391,5.24,5.91,133,,,7,2,31,1182.2,1248,776,689,189,527,,805,83,,,5296,1.501,9.5,1.4,4.0,6.1,1.53
193,1999,Lotte Giants,26.5,4.47,75,52,0.591,4.18,4.51,132,,,15,2,34,1177.9,1125,590,547,146,431,,852,54,,,5002,1.321,8.6,1.1,3.3,6.5,1.98
194,1999,Doosan Bears,24.5,4.73,74,48,0.607,4.6,5.0,132,,,4,1,40,1124.1,1139,625,575,125,478,,790,70,,,4904,1.438,9.1,1.0,3.8,6.3,1.65
196,1999,Hanwha Eagles,28.3,4.96,70,56,0.556,4.82,5.31,132,,,13,3,42,1109.1,1133,655,594,165,392,,841,54,,,4823,1.375,9.2,1.3,3.2,6.8,2.15
198,1999,Samsung Lions,24.1,5.27,70,53,0.569,5.03,5.5,132,,,4,1,40,1136.2,1212,695,635,145,468,,904,57,,,5041,1.478,9.6,1.1,3.7,7.2,1.93
199,1999,LG Twins,28.7,5.86,61,70,0.466,5.49,5.99,132,,,2,1,40,1161.1,1301,773,708,157,511,,813,78,,,5236,1.56,10.1,1.2,4.0,6.3,1.59
205,1998,Hanwha Eagles,26.9,4.59,55,66,0.455,4.26,4.65,126,,,8,2,30,1118.8,1105,578,529,114,405,,840,40,,,4783,1.35,8.9,0.9,3.3,6.8,2.07
206,1998,LG Twins,28.7,4.62,61,62,0.496,4.22,4.75,126,,,3,1,31,1102.2,1120,582,517,109,342,,677,78,,,4735,1.326,9.1,0.9,2.8,5.5,1.98
207,1998,Samsung Lions,25.9,4.63,66,58,0.532,4.32,4.66,126,,,10,0,26,1128.1,1120,584,541,133,477,,723,69,,,4894,1.416,8.9,1.1,3.8,5.8,1.52
208,1998,Lotte Giants,24.9,5.08,50,72,0.41,4.6,5.22,126,,,20,4,17,1104.1,1134,640,564,115,375,,689,73,,,4763,1.367,9.2,0.9,3.1,5.6,1.84
211,1997,LG Twins,27.7,4.06,73,51,0.589,3.78,4.11,126,,,4,1,45,1121.1,1045,512,471,101,369,,708,74,,,4713,1.261,8.4,0.8,3.0,5.7,1.92
212,1997,Hanwha Eagles,25.2,4.35,51,73,0.411,4.02,4.44,126,,,20,7,29,1112.1,1016,548,497,128,410,,789,50,,,4663,1.282,8.2,1.0,3.3,6.4,1.92
215,1997,Samsung Lions,25.5,4.75,66,53,0.555,4.19,4.77,126,,,9,2,38,1127.8,1098,598,525,97,490,,677,94,,,4891,1.408,8.8,0.8,3.9,5.4,1.38
216,1997,Lotte Giants,24.5,4.95,48,77,0.384,4.61,5.05,126,,,9,0,25,1111.9,1159,624,569,116,463,,638,47,,,4842,1.459,9.4,0.9,3.7,5.2,1.38
221,1996,Hanwha Eagles,25.9,4.25,70,55,0.56,3.8,4.23,126,,,21,7,31,1137.1,1030,535,480,100,352,,951,56,,,4759,1.215,8.2,0.8,2.8,7.5,2.7
222,1996,Lotte Giants,24.7,4.6,57,63,0.475,4.16,4.66,126,,,22,2,17,1120.8,1127,580,518,93,397,,684,55,,,4786,1.36,9.1,0.7,3.2,5.5,1.72
223,1996,Samsung Lions,24.7,4.61,54,67,0.446,4.23,4.68,126,,,11,2,29,1117.1,1085,581,525,88,527,,654,102,,,4901,1.443,8.7,0.7,4.2,5.3,1.24
224,1996,LG Twins,29.0,4.68,50,71,0.413,4.11,4.72,126,,,7,1,29,1124.1,1107,590,514,86,419,,651,89,,,4847,1.357,8.9,0.7,3.4,5.2,1.55
226,1995,LG Twins,28.9,3.62,74,48,0.607,3.21,3.66,126,,,22,5,40,1122.1,996,456,400,62,322,,607,58,,,4637,1.174,8.0,0.5,2.6,4.9,1.89
227,1995,Lotte Giants,24.5,3.91,68,53,0.562,3.47,3.9,126,,,19,5,28,1137.1,1049,493,439,83,328,,642,53,,,4658,1.211,8.3,0.7,2.6,5.1,1.96
229,1995,Samsung Lions,23.9,4.23,59,59,0.5,3.89,4.47,126,,,18,5,28,1074.1,973,533,464,76,432,,659,89,,,4619,1.308,8.2,0.6,3.6,5.5,1.53
231,1995,Hanwha Eagles,25.7,4.49,55,71,0.437,4.04,4.55,126,,,36,8,24,1119.0,1091,566,502,102,411,,793,55,,,4812,1.342,8.8,0.8,3.3,6.4,1.93
233,1994,LG Twins,27.4,3.59,81,45,0.643,3.14,3.63,126,,,24,9,46,1120.1,1007,452,391,68,332,,581,60,,,4605,1.196,8.1,0.5,2.7,4.7,1.75
235,1994,Samsung Lions,23.4,3.81,58,59,0.496,3.45,4.0,126,,,26,6,20,1079.0,979,480,414,81,401,,638,52,,,4540,1.279,8.2,0.7,3.3,5.3,1.59
238,1994,Hanwha Eagles,25.7,4.05,65,59,0.524,3.52,4.08,126,,,22,5,29,1123.2,1036,510,440,95,361,,745,40,,,4716,1.243,8.3,0.8,2.9,6.0,2.06
239,1994,Lotte Giants,24.0,4.79,56,67,0.455,4.44,4.89,126,,,14,3,35,1112.1,1156,604,549,101,419,,590,44,,,4791,1.416,9.4,0.8,3.4,4.8,1.41
243,1993,Samsung Lions,24.1,3.37,73,47,0.608,2.91,3.39,126,,,28,11,30,1129.1,979,425,365,70,456,,677,49,,,4691,1.271,7.8,0.6,3.6,5.4,1.48
244,1993,LG Twins,27.0,3.49,66,57,0.537,3.07,3.51,126,,,19,6,36,1126.2,1020,440,384,71,385,,655,64,,,4696,1.247,8.1,0.6,3.1,5.2,1.7
245,1993,Lotte Giants,24.3,3.67,62,63,0.496,3.33,3.71,126,,,44,14,17,1120.5,1088,462,415,57,348,,512,30,,,4669,1.281,8.7,0.5,2.8,4.1,1.47
251,1992,Lotte Giants,23.9,4.61,71,55,0.563,4.28,4.7,126,,,39,6,17,1113.2,1152,581,529,99,410,,581,37,,,4778,1.403,9.3,0.8,3.3,4.7,1.42
254,1992,LG Twins,25.7,4.89,53,70,0.431,4.29,4.9,126,,,22,5,20,1130.2,1171,616,539,83,487,,648,65,,,4967,1.466,9.3,0.7,3.9,5.2,1.33
255,1992,Samsung Lions,23.7,5.05,67,57,0.54,4.55,5.08,126,,,23,6,25,1125.2,1085,636,569,102,636,,640,52,,,4984,1.529,8.7,0.8,5.1,5.1,1.01
259,1991,Lotte Giants,25.2,4.18,61,59,0.508,3.91,4.37,126,,,37,5,13,1085.1,1019,527,472,67,431,,612,51,,,4589,1.336,8.4,0.6,3.6,5.1,1.42
260,1991,Samsung Lions,26.3,4.6,70,55,0.56,4.23,4.62,126,,,14,4,38,1128.2,1131,579,531,108,484,,527,40,,,4860,1.431,9.0,0.9,3.9,4.2,1.09
263,1991,LG Twins,25.8,4.83,53,72,0.424,4.35,4.86,126,,,27,3,24,1124.9,1125,608,544,90,446,,622,70,,,4889,1.396,9.0,0.7,3.6,5.0,1.39
265,1990,LG Twins,26.9,3.81,71,49,0.592,3.38,3.8,120,,,19,5,33,1083.0,981,457,407,49,410,,549,61,,,4550,1.284,8.2,0.4,3.4,4.6,1.34
269,1990,Samsung Lions,25.2,4.65,66,52,0.559,4.13,4.7,120,,,21,3,36,1069.1,1053,558,491,102,512,,475,53,,,4630,1.464,8.9,0.9,4.3,4.0,0.93
270,1990,Lotte Giants,25.4,4.77,44,70,0.386,4.42,4.93,120,,,19,6,20,1045.1,1035,572,513,82,435,,481,54,,,4505,1.407,8.9,0.7,3.7,4.1,1.11
276,1989,Lotte Giants,24.6,4.35,48,67,0.417,3.91,4.37,120,,,37,5,11,1076.1,1072,522,467,68,390,,508,50,,,4569,1.359,9.0,0.6,3.3,4.2,1.3
278,1989,Samsung Lions,27.6,4.9,57,58,0.496,4.42,4.96,120,,,26,6,27,1067.2,1094,588,524,84,516,,470,44,,,4688,1.508,9.2,0.7,4.3,4.0,0.91
281,1988,Lotte Giants,26.7,4.1,57,49,0.538,3.59,4.13,108,,,30,7,18,966.1,961,443,385,55,329,,476,31,,,4086,1.335,9.0,0.5,3.1,4.4,1.45
284,1988,Samsung Lions,27.6,4.56,56,50,0.528,4.18,4.58,108,,,22,9,21,967.0,953,492,449,80,403,,341,40,,,4151,1.402,8.9,0.7,3.8,3.2,0.85
287,1987,Lotte Giants,27.0,3.74,54,49,0.524,3.36,3.73,108,,,51,12,9,975.2,971,404,364,40,331,,504,34,,,4097,1.334,9.0,0.4,3.1,4.6,1.52
290,1987,Samsung Lions,27.7,3.95,64,44,0.593,3.58,4.01,108,,,26,8,30,959.1,926,427,381,62,416,,360,45,,,4078,1.399,8.7,0.6,3.9,3.4,0.87
294,1986,Lotte Giants,27.3,3.33,50,52,0.49,2.74,3.29,108,,,33,6,11,983.2,896,360,299,48,325,,520,49,,,4097,1.241,8.2,0.4,3.0,4.8,1.6
296,1986,Samsung Lions,28.2,3.42,70,37,0.654,2.95,3.44,108,,,34,7,33,966.2,848,369,317,62,385,,388,29,,,4012,1.276,7.9,0.6,3.6,3.6,1.01
300,1985,Samsung Lions,29.3,3.45,77,32,0.706,2.97,3.41,110,,,27,5,41,1001.5,871,379,331,62,368,,496,34,,,4121,1.237,7.8,0.6,3.3,4.5,1.35
303,1985,Lotte Giants,27.1,3.82,59,51,0.536,3.05,3.81,110,,,32,11,15,992.1,936,420,336,60,324,,513,44,,,4131,1.27,8.5,0.5,2.9,4.7,1.58
308,1984,Samsung Lions,28.3,3.79,55,45,0.55,3.35,3.85,100,,,30,6,13,886.2,806,379,330,48,380,,476,44,,,3740,1.338,8.2,0.5,3.9,4.8,1.25
309,1984,Lotte Giants,26.1,3.9,50,48,0.51,3.31,3.99,100,,,26,1,11,880.2,865,390,324,75,300,,454,40,,,3723,1.323,8.8,0.8,3.1,4.6,1.51
315,1983,Samsung Lions,26.1,4.18,46,50,0.479,3.42,4.18,100,,,34,7,12,899.2,833,418,342,65,335,,399,58,,,3785,1.299,8.3,0.7,3.4,4.0,1.19
317,1983,Lotte Giants,26.4,4.64,43,56,0.434,3.79,4.65,100,,,29,4,7,897.8,935,464,378,90,260,,415,47,,,3827,1.331,9.4,0.9,2.6,4.2,1.6
318,1982,Samsung Lions,27.2,3.21,53,26,0.671,2.7,3.28,80,,,23,8,17,704.1,618,257,211,57,187,,305,30,,,2830,1.143,7.9,0.7,2.4,3.9,1.63
321,1982,Lotte Giants,26.3,4.81,31,49,0.388,3.95,4.86,80,,,26,4,4,713.2,763,385,313,69,261,,363,29,,,3080,1.435,9.6,0.9,3.3,4.6,1.39
